acceptedParentName,numOccurrences,timeTaken
Medeola virginiana,22043,862.438462257385
Bouteloua simplex,2335,27.1968333721161
Phacelia purshii,3383,31.7766196727753
Silene greenei,989,6.41457605361939
Asplenium heterochroum,571,4.50874876976013
Asplenium auriculatum,11218,72.551281452179
Elymus lanceolatus,7284,76.5429613590241
Solidago leiocarpa,676,5.22310924530029
Scirpus lineatus,1608,14.9207847118378
Calycoseris wrightii,1865,11.3502132892609
Rafinesquia neomexicana,5867,33.3691976070404
Thalictrum alpinum,41635,1609.12562656403
Stephanomeria runcinata,466,3.9037013053894
Solidago bicolor,11504,67.1284365653992
Harpalyce formosa,313,7.35843181610107
Chondrilla aspera,24,1.62986063957214
Parathesis pseudocalophylla,1,0.75531530380249
Packera texensis,43,1.55628418922424
Hemionitis aurantia,68,2.82084941864014
Hemionitis deserti,1187,8.10728716850281
Lippia cardiostegia,1012,12.1439476013184
Lippia myriocephala,1714,13.2354805469513
Lippia umbellata,2074,21.476048707962
Digitaria horizontalis,6971,52.6491146087647
Dahlia campanulata,26,1.3024787902832
Dahlia cuspidata,25,0.401978254318237
Gaillardia pulchella,33403,1676.09039664269
Helianthus glaucophyllus,231,3.03120303153992
Helianthus bolanderi,909,8.19025921821594
Helianthus exilis,346,3.19777011871338
Helianthus longifolius,228,1.78069067001343
Helianthus atrorubens,2100,15.9264078140259
Helianthus silphioides,623,4.018878698349
Helianthus divaricatus,6873,40.6108982563019
Helianthus hirsutus,4970,29.7404310703278
Helianthus laevigatus,464,4.47119379043579
Helianthus strumosus,8645,51.9063272476196
Helianthus tuberosus,44333,1774.85805344582
Helianthus microcephalus,9926,69.3354060649872
Helianthus schweinitzii,452,3.34823274612427
Helianthus floridanus,464,5.70743656158447
Helianthus salicifolius,822,6.84662318229675
Helianthus maximiliani,7775,46.5231890678406
Helianthus californicus,827,5.78357625007629
Helianthus gracilentus,2993,18.4994232654572
Helianthus pumilus,1007,7.69683980941773
Helianthus laciniatus,684,5.96674227714539
Navarretia saximontana,156,1.90354204177856
Euphrosyne partheniifolia,215,1.52997279167175
Chrysopsis delaneyi,179,1.02114176750183
Tropidocarpum gracile,2045,17.5351622104645
Liparis nervosa,4176,53.589682340622
Monardella stoneana,112,1.4112491607666
Limosella australis,3567,30.2216639518738
Poa secunda,32698,1642.99185633659
Asclepias lanuginosa,571,6.45201396942139
Asclepias longifolia,1563,12.3317942619324
Asclepias obovata,981,6.03207492828369
Sida ulmifolia,2168,15.8369734287262
Sida aggregata,693,5.01503992080689
Chorizanthe breweri,269,1.33757066726685
Chorizanthe clevelandii,185,1.01600790023804
Chorizanthe douglasii,759,4.70246410369873
Chorizanthe parryi,727,8.45200490951538
Chorizanthe orcuttiana,140,1.07762217521667
Chorizanthe palmeri,276,1.72495865821838
Chorizanthe staticoides,2144,17.3656146526337
Chorizanthe uniaristata,272,2.6913275718689
Chorizanthe valida,69,0.537437915802002
Chorizanthe wheeleri,219,1.53451895713806
Chorizanthe xanti,1804,14.9108047485352
Boechera crandallii,285,6.7351541519165
Boechera perennans,3669,40.4462692737579
Carex firmula,272,4.05898261070251
Eriogonum lachnogynum,646,7.16368222236633
Diastatea tenera,533,5.33435416221619
Eriogonum abertianum,2560,23.2152638435364
Eriogonum alpinum,101,1.31091547012329
Eriogonum angulosum,1353,9.36105012893677
Eriogonum annuum,2838,19.8852686882019
Eriogonum apiculatum,339,2.68421006202698
Eriogonum arborescens,899,4.91808462142944
Phoradendron juniperinum,2855,16.8169877529144
Phoradendron lanceolatum,367,3.91870784759522
Phoradendron chrysocladon,1943,12.4501888751984
Eriogonum caespitosum,2157,15.6267621517181
Cerastium arvense,154146,6874.21127223969
Solandra grandiflora,885,11.1590123176575
Hemionitis aspera,232,1.61271739006042
Psychotria nervosa,11531,72.2763628959656
Castilleja albobarbata,3,0.651589155197144
Ipomoea tacambarensis,31,0.567261457443237
Portulaca matthewsii,10,0.702160596847534
Chaptalia hidalgoensis,1,0.332457304000855
Volkameria ligustrina,497,6.28076386451721
Erigeron grandiflorus,1703,14.5118827819824
Silene hookeri,967,8.38648700714111
Ardisia verdisepala,38,1.10884165763855
Cuscuta strobilacea,63,1.8834593296051
Cuscuta sidarum,105,2.24280118942261
Conopholis alpina,23086,739.976622104645
Brazoria enquistii,84,1.75031995773315
Liatris patens,85,0.943221092224121
Costus spicatus,627,5.58984780311585
Scleria latifolia,3853,25.1373696327209
Crotalaria rotundifolia,4697,35.0806543827057
Paspalum decumbens,1810,10.8735582828522
Solidago arenicola,109,1.34643268585205
Solidago faucibus,110,0.618573188781738
Pinguicula vulgaris,100854,4623.34035921097
Solidago kralii,51,1.43822503089905
Phoradendron hawksworthii,97,1.34491944313049
Phoradendron olivae,3,0.545950174331665
Erythroxylum areolatum,1051,6.64861989021301
Erythroxylum havanense,3238,18.1053380966187
Erythroxylum mexicanum,545,3.16708111763001
Erythroxylum panamense,418,2.37855052947998
Erythroxylum rotundifolium,2354,24.447135925293
Dalea rupertii,5,0.600368976593018
Euphrasia stricta,88788,4066.86140918732
Sisyrinchium micranthum,15858,237.524622678757
Eubotrys racemosa,5383,65.1822834014893
Froelichia xantusii,56,0.997600317001343
Gaultheria acuminata,1387,16.022723197937
Gaultheria erecta,9116,93.6559314727783
Gaultheria glaucifolia,126,3.67252564430237
Verbena scabra,1096,6.29858422279358
Petrea volubilis,8269,59.6014709472656
Citharexylum ellipticum,291,2.67055892944336
Citharexylum caudatum,1801,13.3561248779297
Duranta erecta,16113,472.43122625351
Poa diaboli,31,1.22251224517822
Stanhopea ecornuta,68,1.15461802482605
Gaultheria myrsinoides,12420,231.89343047142
Stanhopea martiana,33,4.32833099365234
Solanum adscendens,315,5.55384850502014
Gaultheria ovatifolia,1866,14.3478014469147
Gaultheria procumbens,25966,1140.12709212303
Gaultheria pyroloides,1066,12.420318365097
Gaultheria rigida,687,9.73523688316345
Cestrum tomentosum,2689,31.9415428638458
Cestrum schlechtendalii,4054,43.8191390037537
Cestrum racemosum,1678,19.1267516613007
Tillandsia loma-blancae,16,0.547420024871826
Gaylussacia orocola,34,0.789789915084839
Gaylussacia tomentosa,862,13.2359025478363
Ceanothus cuneatus,9477,118.833686113358
Ceanothus verrucosus,2587,17.7956435680389
Lathyrus polyphyllus,1260,9.23284697532654
Galactia floridana,436,11.4172720909119
Galactia spiciformis,498,4.26219654083252
Amorpha laevigata,136,1.23823189735413
Amorpha paniculata,377,2.75790786743164
Kalmia cuneata,193,1.50906372070313
Kalmia hirsuta,1641,13.6218681335449
Trifolium gracilentum,2411,17.3342392444611
Trifolium amphianthum,123,1.24499940872192
Trifolium variegatum,4798,30.1423633098602
Trifolium gymnocarpon,915,9.52381491661072
Kalmia polifolia,7651,44.7961673736572
Actaea pachypoda,20667,747.726238250732
Carex squarrosa,4643,34.1079144477844
Leucothoe axillaris,2418,20.3520171642304
Angelica lineariloba,850,8.44268226623535
Askellia pygmaea,2140,41.4941220283508
Alnus maritima,874,14.7153854370117
Draba maguirei,103,1.59015250205994
Leucothoe davisiae,672,9.17203450202942
Astragalus oreganus,50,1.45501184463501
Polygonum paronychia,2375,19.1776261329651
Melochia spicata,5418,65.1463997364044
Richardia scabra,6724,36.2222695350647
Poa scaberula,691,5.82100892066956
Solanum jamesii,2424,13.6360819339752
Solanum pinnatisectum,811,4.44747805595398
Solanum cardiophyllum,5269,28.5791971683502
Solanum stoloniferum,9305,59.9454627037048
Solanum demissum,4255,39.6939988136292
Lyonia ferruginea,2774,26.0290145874023
Lyonia lucida,7836,71.8044879436493
Lyonia mariana,3785,39.0320568084717
Lyonia squamulosa,998,7.00490188598633
Moneses uniflora,49902,2210.03659415245
Pieris floribunda,1362,11.4998149871826
Pieris phillyreifolia,781,17.9975280761719
Ruprechtia laevigata,42,0.817489385604858
Pyrola americana,7649,75.1199190616608
Pyrola angustifolia,160,7.33072638511658
Pyrola chlorantha,40758,1731.98144888878
Pyrola elliptica,11293,120.319429636002
Pyrola grandiflora,4597,30.1356449127197
Pyrola minor,100002,4718.50569009781
Pyrola picta,4624,51.0680079460144
Rhododendron albiflorum,4045,35.3662915229797
Carex lachenalii,32911,792.129592180252
Uvularia perfoliata,8416,54.7398600578308
Billieturnera helleri,197,4.1252555847168
Rhododendron catawbiense,3237,20.6533443927765
Rhododendron macrophyllum,3644,25.538375377655
Rhododendron occidentale,5767,37.9861397743225
Bistorta bistortoides,8283,53.5155050754547
Bistorta plumosa,1455,10.5380136966705
Bixa orellana,11237,107.650921344757
Blakea guatemalensis,321,3.14457654953003
Blakea purpusii,116,0.669071674346924
Vaccinium selerianum,239,3.75289011001587
Xylococcus bicolor,4848,51.6274039745331
Eriocaulon benthamii,711,4.70119023323059
Eriocaulon compressum,7941,40.7646884918213
Eriocaulon koernickianum,269,1.75564980506897
Blechnum ensiforme,1534,12.5286281108856
Blechnum falciforme,738,7.24320077896118
Eriocaulon microcephalum,512,1.85558676719666
Blechnum fragile,1715,13.4046742916107
Eriocaulon ravenelii,217,1.76312398910522
Eriocaulon schiedeanum,384,1.93038439750671
Eriocaulon schippii,53,0.353445529937744
Eriocaulon texense,425,3.05200695991516
Blechnum lehmannii,726,5.38569664955139
Blechnum occidentale,13038,211.766039371491
Blechnum schiedeanum,1067,8.71396160125732
Aconitum columbianum,8659,72.1687426567078
Acalypha adenostachya,144,2.24556016921997
Acalypha alopecuroidea,1810,14.7118325233459
Acalypha botteriana,274,2.73547649383545
Acalypha brevicaulis,139,1.79817628860474
Acalypha conspicua,15,0.813598155975342
Acalypha depauperata,6,1.13120126724243
Acalypha firmula,403,3.68341398239136
Acalypha fournieri,107,1.39005899429321
Acalypha havanensis,132,1.3812210559845
Blennosperma bakeri,214,1.77029228210449
Acalypha karwinskii,9,0.236525535583496
Blennosperma nanum,1950,19.5733137130737
Acalypha lagascana,6,0.770415782928467
Acalypha laxiflora,46,1.86054801940918
Acalypha leptopoda,2022,18.9416782855988
Acalypha liebmanniana,11,1.35349178314209
Acalypha lindeniana,18,1.22719526290894
Acalypha longistipularis,4,0.462687969207764
Acalypha longispicata,28,1.5341625213623
Acalypha macrostachyoides,50,1.53799152374268
Acalypha melochiifolia,18,0.823582887649536
Acalypha microcephala,16,0.953909397125244
Acalypha mollis,469,3.96328854560852
Blepharidium guatemalense,602,7.04887700080872
Acalypha ocymoides,210,2.02500772476196
Acalypha oligantha,31,1.76626086235046
Acalypha oligodonta,53,1.69051146507263
Acalypha persimilis,6672,36.3091788291931
Acalypha purpurascens,74,1.99264097213745
Acalypha radians,1026,6.30460739135742
Acalypha rhombifolia,78,0.997390985488892
Acalypha schlechtendaliana,828,6.65305066108704
Acalypha schlumbergeri,19,1.22780275344849
Acalypha trachyloba,117,1.36319541931152
Acalypha tricholoba,24,0.749835729598999
Acalypha triloba,30,0.989540338516235
Acalypha vagans,318,3.35054564476013
Abutilon simulans,138,1.62358856201172
Adelia barbinervis,1628,9.62645101547241
Adelia oaxacana,229,2.23960757255554
Adelia triloba,803,5.35739231109619
Alchornea latifolia,9374,49.5172047615051
Andrachne microphylla,370,5.06945061683655
Bletia amabilis,74,1.19647192955017
Bletia concolor,25,0.531040668487549
Bletia ensifolia,148,0.814163446426392
Bletia greenmaniana,14,0.466428279876709
Bletia macristhmochila,301,1.77157855033875
Bletia nelsonii,12,0.253912925720215
Argythamnia aphoroides,156,2.59493470191956
Argythamnia guatemalensis,726,4.98226070404053
Argythamnia heterantha,190,2.32480931282043
Argythamnia mercurialina,876,6.58186411857605
Astraea lobata,173,7.82501792907715
Bletia tenuifolia,61,0.800337553024292
Bletia urbana,47,0.465653896331787
Bloomeria crocea,4354,36.3856914043427
Bloomeria humilis,41,1.14079093933105
Bernardia mexicana,634,6.37723183631897
Buxus microphylla,1814,17.3979184627533
Bocconia arborea,1284,8.91074180603027
Bocconia glaucifolia,65,1.81491422653198
Bocconia gracilis,103,0.697715044021606
Bocconia latisepala,178,0.916014194488525
Bocconia vulcanica,87,0.737668037414551
Boechera divaricarpa,2969,24.8083086013794
Boechera drummondii,5322,26.8934988975525
Boechera fernaldiana,306,4.41230154037476
Boechera gunnisoniana,107,2.05122184753418
Boechera lemmonii,1675,17.7959544658661
Boechera lignifera,432,3.78782272338867
Boechera oxylobula,282,3.8814868927002
Boechera pendulina,572,5.85625147819519
Boechera pulchra,1298,11.4449982643127
Boechera retrofracta,6028,47.7653794288635
Boeberastrum anthemidifolium,648,6.0183539390564
Cleidion castaneifolium,495,4.38601422309876
Boehmeria radiata,144,0.847515106201172
Boehmeria ramiflora,964,9.42849969863892
Boerhavia alata,24,1.00154638290405
Cnidoscolus angustidens,815,11.888561964035
Boerhavia ciliata,60,1.85236644744873
Cnidoscolus stimulosus,8012,45.30837059021
Cnidoscolus tepiquensis,113,2.14656853675842
Boerhavia coulteri,618,6.02777647972107
Abutilon straminicarpum,8,0.377015352249146
Croton argyranthemus,2064,13.1844620704651
Boerhavia maculata,74,1.3759286403656
Croton axillaris,163,1.39021563529968
Boerhavia megaptera,41,0.440396070480347
Croton billbergianus,1343,10.8247265815735
Croton capitatus,5643,33.553653717041
Boerhavia triquetra,2020,26.8523313999176
Croton cortesianus,2780,20.9570624828339
Croton decalobus,128,2.3996946811676
Boerhavia xanti,2,0.876271486282349
Croton dioicus,2443,17.3846535682678
Croton ehrenbergii,152,1.81767868995667
Croton flavens,3324,28.4342038631439
Croton francoanus,120,1.63159847259521
Croton fruticulosus,2407,13.6359763145447
Croton grewiifolius,93,1.14225196838379
Croton hoffmannii,188,3.92943334579468
Croton humilis,1468,10.2456004619598
Croton hypoleucus,243,3.97557425498962
Croton incanus,1070,7.68255352973938
Bolanosa coulteri,219,1.89036178588867
Bolbitis aliena,570,8.08807110786438
Croton leucophyllus,287,2.96543955802918
Bolbitis hastata,128,2.27031683921814
Croton macrodontus,163,3.20991587638855
Croton mexicanus,174,2.50040817260742
Croton miradorensis,151,1.64079666137695
Bolbitis portoricensis,2103,15.9571032524109
Croton nitens,937,5.7602756023407
Bolbitis umbrosa,70,2.07262706756592
Croton oerstedianus,479,5.33263993263245
Croton ortholobus,99,2.46483206748962
Croton palmeri,13,0.284343004226685
Croton pulcher,45,1.24658298492432
Croton punctatus,4078,24.2209510803223
Croton setiger,7984,46.4303820133209
Croton soliman,310,3.13786911964417
Croton stipulaceus,174,2.47303104400635
Croton stylosus,18,1.01903963088989
Croton suaveolens,280,1.68659615516663
Croton subfragilis,11,0.905345678329468
Boltonia caroliniana,247,2.12940692901611
Croton virletianus,63,1.73020720481873
Dalechampia cissifolia,659,6.66665601730347
Dalechampia tiliifolia,1565,9.35547375679016
Dalembertia populifolia,512,3.56447553634644
Dalembertia triangularis,150,1.44463467597961
Euphorbia acuta,531,4.53656053543091
Euphorbia angusta,571,4.29053902626038
Euphorbia ariensis,481,7.14908504486084
Euphorbia astyla,176,2.26428294181824
Euphorbia berteroana,1141,11.8626327514648
Euphorbia bicolor,3774,21.5415773391724
Euphorbia bifurcata,116,1.98631191253662
Euphorbia bombensis,1281,12.5487084388733
Euphorbia bracteata,246,12.2543172836304
Euphorbia californica,689,6.07140970230103
Euphorbia calyculata,297,3.05270528793335
Abutilon tehuantepecense,21,0.402677536010742
Euphorbia cinerascens,916,6.41239762306213
Euphorbia colorata,311,2.80333042144775
Euphorbia commutata,1394,15.2576184272766
Acourtia carpholepis,49,1.52728176116943
Euphorbia cordifolia,1221,9.41643333435059
Euphorbia cornastra,38,0.924145460128784
Euphorbia crenulata,1079,12.7955615520477
Euphorbia cumbrae,388,3.71420359611511
Euphorbia cymosa,158,1.56910371780396
Euphorbia delicatula,251,2.44058418273926
Euphorbia dioeca,1436,11.3396084308624
Acourtia coulteri,124,2.33126640319824
Acourtia cuernavacana,155,1.39458250999451
Euphorbia fendleri,4371,36.1173939704895
Acourtia dissiticeps,20,1.06596064567566
Euphorbia fimbrilligera,489,4.3710024356842
Euphorbia floribunda,12,0.494860649108887
Euphorbia francoana,425,3.3170657157898
Euphorbia fulgens,182,1.66169548034668
Euphorbia furcillata,732,6.07839035987854
Euphorbia garberi,291,4.99100542068481
Acourtia dugesii,265,5.04611229896545
Euphorbia hexagona,915,8.16184616088867
Acourtia erioloma,12,1.02724146842957
Euphorbia hindsiana,151,4.37773823738098
Euphorbia humistrata,1234,10.8264133930206
Acourtia glandulifera,21,1.29355072975159
Acourtia glomeriflora,168,2.86943697929382
Bonamia elliptica,11,1.11855554580688
Euphorbia lacera,128,1.45969271659851
Bonamia grandiflora,456,3.44566035270691
Euphorbia lancifolia,416,3.05965662002564
Euphorbia lasiocarpa,3040,20.2829396724701
Acourtia grandifolia,62,1.73462390899658
Euphorbia leucantha,57,2.2101457118988
Euphorbia leucophylla,822,7.02017688751221
Bonamia multicaulis,14,0.463457345962524
Bonamia ovalifolia,21,1.17471504211426
Euphorbia longicruris,447,3.92892599105835
Bonamia sulphurea,114,1.50377917289734
Euphorbia macropus,1660,14.9416861534119
Euphorbia maculata,61405,3110.58088874817
Acourtia hooveri,43,1.42341542243958
Euphorbia mendezii,928,7.50314211845398
Euphorbia mesembryanthemifolia,3501,27.1872639656067
Euphorbia misera,2771,15.5555803775787
Euphorbia multiseta,358,2.71989679336548
Bonetiella anomala,179,1.10989785194397
Acourtia lepidopoda,38,1.53234887123108
Euphorbia orizabae,220,2.14526271820068
Acourtia lobulata,36,0.944272756576538
Euphorbia parryi,938,11.955482006073
Euphorbia pediculifera,2441,19.2567851543427
Acourtia longifolia,16,1.14595317840576
Euphorbia peplidion,159,1.93460726737976
Acourtia lozanoi,158,1.5139012336731
Acourtia michoacana,99,1.10632276535034
Euphorbia restiacea,41,0.501450777053833
Euphorbia roemeriana,405,3.08572220802307
Euphorbia scandens,57,1.31684279441834
Euphorbia segoviensis,215,3.74602293968201
Euphorbia sinclairiana,401,3.3466956615448
Acourtia nana,1512,10.3761737346649
Euphorbia sphaerorhiza,631,4.90464472770691
Acourtia nelsonii,34,1.43746304512024
Euphorbia tetrapora,389,2.6651439666748
Euphorbia texana,116,1.58235621452332
Acourtia nudicaulis,147,1.49671196937561
Euphorbia tomentella,17,1.47815132141113
Euphorbia trichotoma,306,3.51673698425293
Acourtia nudiuscula,12,1.13749480247498
Euphorbia umbellulata,185,1.827712059021
Euphorbia velleriflora,400,3.348313331604
Euphorbia vestita,47,0.555024147033691
Euphorbia villifera,1230,10.5885055065155
Acourtia oxylepis,69,1.73718500137329
Euphorbia wrightii,298,1.74172949790955
Euphorbia xalapensis,459,4.47290968894959
Euphorbia zierioides,20,1.43972682952881
Acourtia palmeri,166,1.37759304046631
Acourtia parryi,318,3.53411173820496
Acourtia patens,107,3.34355044364929
Forchhammeria pallida,542,3.48155999183655
Acourtia pinetorum,104,2.49532771110535
Garcia nutans,360,2.57379722595215
Acourtia platyptera,30,0.625238180160523
Acourtia platyphylla,125,1.29110503196716
Acourtia pringlei,31,1.06170701980591
Acourtia purpusii,196,2.39460039138794
Acourtia reticulata,400,4.36459636688232
Gymnanthes actinostemoides,106,2.03371405601501
Gymnanthes longipes,241,2.92941212654114
Gymnanthes lucida,2391,12.946834564209
Gymnanthes riparia,810,5.66015410423279
Acourtia runcinata,1069,7.8074221611023
Hippomane mancinella,2776,14.904675245285
Acourtia scapiformis,171,2.3439359664917
Hura polyandra,1052,6.67438769340515
Hieronyma alchorneoides,4958,33.4888732433319
Hieronyma oblonga,9566,55.4019219875336
Acourtia scaposa,5,2.10006928443909
Jatropha alamanii,137,1.24645161628723
Jatropha andrieuxii,75,0.511642932891846
Jatropha canescens,118,0.959914922714233
Jatropha cardiophylla,577,3.32619142532349
Jatropha cinerea,1547,8.80307412147522
Jatropha cordata,570,4.46237206459045
Jatropha integerrima,3582,23.0702064037323
Acourtia simulata,50,2.53345894813538
Acourtia thurberi,287,2.71204924583435
Jatropha podagrica,1289,7.87298893928528
Jatropha pseudocurcas,76,2.4730544090271
Acourtia tomentosa,21,0.966488599777222
Acourtia turbinata,406,5.41803240776062
Acourtia wislizeni,375,3.38033652305603
Acourtia wrightii,2277,14.8826122283936
Mallotus repandus,5073,28.7280054092407
Boschniakia rossica,43686,1496.60710668564
Manihot aesculifolia,1311,14.2363069057465
Manihot esculenta,48140,1634.04752540588
Bothriochloa alta,375,4.10222101211548
Bothriochloa barbinodis,8046,66.9966881275177
Bothriochloa edwardsiana,191,2.26972007751465
Bothriochloa exaristata,404,5.08450865745544
Bothriochloa hirtifolia,378,5.71329855918884
Manihot tomatophylla,100,1.29844427108765
Bothriochloa hybrida,296,3.08642816543579
Bothriochloa laguroides,2715,33.1345076560974
Bothriochloa longipaniculata,495,7.6949999332428
Margaritaria nobilis,7455,61.3751072883606
Bothriochloa springfieldii,680,4.61699342727661
Bothriochloa wrightii,118,1.54071450233459
Botrychium biternatum,3375,37.2424504756928
Botrychium crenulatum,453,3.24450755119324
Botrychium dissectum,15373,450.73090004921
Omphalea diandra,1367,10.4180483818054
Botrychium echo,149,1.23551225662231
Botrychium jenmanii,385,4.59089994430542
Botrychium minganense,1787,9.61830639839172
Botrychium montanum,338,1.9907751083374
Botrychium mormo,496,2.45414757728577
Pachysandra procumbens,2382,11.8654158115387
Botrychium oneidense,1362,11.3229994773865
Botrychium paradoxum,103,0.87323808670044
Botrychium pinnatum,842,4.84737849235535
Botrychium pumicola,334,2.11873555183411
Botrychium rugulosum,662,5.56237077713013
Botrychium schaffneri,335,3.56321549415588
Phyllanthus adenodiscus,110,1.54404854774475
Phyllanthus compressus,225,1.73370814323425
Acroceras zizanioides,4557,26.489152431488
Phyllanthus ericoides,32,1.2397186756134
Phyllanthus fluitans,306,2.06623506546021
Phyllanthus grandifolius,752,6.53115129470825
Phyllanthus graveolens,7883,45.4252011775971
Phyllanthus harrimanii,14,0.478940725326538
Bouchea dissecta,194,1.80773496627808
Bouchea nelsonii,177,1.28891491889954
Bouchea prismatica,1544,12.0524885654449
Bouchetia erecta,1423,13.9937837123871
Bourreria hintonii,74,0.980695247650146
Plukenetia penninervia,356,3.05809640884399
Plukenetia volubilis,813,4.75407767295837
Bourreria longiflora,18,0.374614000320435
Abutilon trisulcatum,1244,7.65462136268616
Bourreria mollis,919,7.5023672580719
Bourreria pulchra,882,5.77035069465637
Bourreria rekoi,34,0.781671762466431
Bourreria rowellii,17,0.319299459457397
Bourreria sonorae,597,2.85525631904602
Bourreria superba,225,1.28238606452942
Bouteloua barbata,6230,45.9688603878021
Bouteloua breviseta,398,3.57842302322388
Sapium lateriflorum,436,5.43389368057251
Bouteloua chasei,256,2.92362356185913
Sapium macrocarpum,1076,11.3702464103699
Bouteloua distans,33,0.559903860092163
Bouteloua elata,162,1.55339002609253
Bouteloua eludens,178,0.897375822067261
Bouteloua eriostachya,18,1.30351209640503
Bouteloua johnstonii,29,0.830793380737305
Bouteloua juncea,135,2.71315836906433
Bouteloua kayi,17,0.640924215316773
Savia sessiliflora,846,5.79877281188965
Bouteloua media,636,5.60605645179749
Bouteloua nervata,61,1.48008298873901
Bouteloua parryi,262,3.42134857177734
Sebastiania pavoniana,826,6.6860523223877
Bouteloua pedicellata,38,1.04125380516052
Bouteloua purpurea,64,0.841477394104004
Bouteloua radicosa,1112,8.08587574958801
Bouteloua ramosa,504,3.72933101654053
Bouteloua reflexa,288,1.81007027626038
Bouteloua repens,4266,30.6461143493652
Bouteloua rigidiseta,2774,17.6988859176636
Stillingia acutifolia,412,5.3487138748169
Stillingia aquatica,1213,6.30866599082947
Bouteloua triaena,669,5.71272468566895
Bouteloua trifida,1555,9.84133958816528
Stillingia paucidentata,388,2.98446345329285
Bouteloua warnockii,98,1.12022924423218
Stillingia sanguinolenta,487,2.98901700973511
Bouteloua williamsii,196,1.09482407569885
Stillingia spinulosa,863,4.91396808624268
Stillingia sylvatica,5326,33.9602296352387
Stillingia zelayensis,576,3.53059053421021
Bouvardia bouvardioides,141,1.3229501247406
Bouvardia capitata,91,0.650105476379395
Bouvardia conzattii,28,0.510929584503174
Bouvardia dictyoneura,190,1.83660674095154
Bouvardia erecta,152,1.55970978736877
Bouvardia gracilipes,27,0.275031089782715
Bouvardia karwinskyi,13,0.263489484786987
Bouvardia langlassei,49,0.354746580123901
Bouvardia loeseneriana,107,1.03086686134338
Bouvardia oaxacana,15,0.367477416992188
Bouvardia quinquenervata,137,1.47381806373596
Bouvardia rekoi,17,0.312911748886108
Bouvardia rosei,16,0.280603885650635
Bouvardia standleyana,70,0.588632345199585
Bouvardia subcordata,15,0.315723419189453
Bouvardia tenuifolia,212,1.3328959941864
Bowlesia flabilis,145,1.00471496582031
Tragia betonicifolia,987,4.66750526428223
Tragia brevispica,445,3.53246712684631
Tragia cordata,606,4.06662511825562
Tragia mexicana,160,1.22186589241028
Tragia nepetifolia,3286,16.0610074996948
Tragia ramosa,3048,16.8606128692627
Boykinia intermedia,64,2.220871925354
Tragia urens,1666,13.1473059654236
Tragia urticifolia,2030,5.60584092140198
Boykinia occidentalis,3422,20.0342862606049
Viscainoa geniculata,1201,7.23914480209351
Zuckertia cordata,145,2.31955790519714
Brachistus nelsonii,271,5.28180623054504
Brachyelytrum aristosum,1995,11.8457083702087
Quercus charcasana,13,0.929505586624146
Quercus coccinea,111494,5160.39220094681
Brachypodium pringlei,134,1.59271740913391
Quercus incana,3763,27.3899273872376
Quercus intricata,382,5.16720581054688
Brachystele guayanensis,275,3.33261561393738
Quercus palustris,100000,4844.27003741264
Brachystigma wrightii,223,3.04148626327515
Brahea aculeata,298,2.12206315994263
Brahea brandegeei,352,4.27926635742188
Brahea decumbens,121,0.709827661514282
Brahea moorei,159,0.950228929519653
Brahea pimo,199,1.78327226638794
Brandegea bigelovii,2251,23.8607385158539
Brassavola nodosa,1978,17.607978105545
Bravaisia grandiflora,69,0.995405673980713
Bravaisia integerrima,1813,14.0638473033905
Braya longii,49,1.07357573509216
Braya thorild-wulffii,396,3.76113128662109
Brazoria arenaria,143,1.57814741134644
Brickellia adenolepis,34,1.85131025314331
Brickellia amplexicaulis,222,2.81822490692139
Brickellia argyrolepis,368,4.56222915649414
Brickellia brachyphylla,465,3.74733304977417
Brickellia brandegeei,184,2.72260141372681
Brickellia californica,6634,41.7100133895874
Brickellia cardiophylla,56,1.02111458778381
Brickellia chenopodina,12,0.909056425094604
Brickellia coahuilensis,79,2.0370934009552
Brickellia cuspidata,102,0.901108264923096
Brickellia cylindracea,624,4.39591646194458
Brickellia desertorum,633,5.14975094795227
Brickellia eupatorioides,5221,36.6801683902741
Brickellia filipes,82,0.903567314147949
Brickellia glabrata,237,1.81436777114868
Brickellia glandulosa,457,4.31581974029541
Brickellia glomerata,99,1.29059290885925
Brickellia glutinosa,73,0.993022918701172
Brickellia jaliscensis,21,0.253453254699707
Brickellia knappiana,52,1.62609219551086
Brickellia laccata,10,0.662647485733032
Brickellia magnifica,9,0.328894853591919
Brickellia microphylla,1720,18.4934453964233
Sesuvium maritimum,866,5.87312173843384
Sesuvium revolutifolium,2573,25.5023591518402
Brickellia monocephala,165,1.18597507476807
Brickellia nesomii,75,0.751037359237671
Brickellia oreithales,131,1.44791531562805
Brickellia orizabaensis,84,1.55836939811707
Brickellia paniculata,2478,17.8563446998596
Brickellia pedunculosa,321,3.1722297668457
Abatia mexicana,120,0.875082731246948
Brickellia peninsularis,308,2.21695518493652
Brickellia rhomboidea,54,0.839374780654907
Brickellia robinsoniana,15,0.309606313705444
Brickellia schaffneri,10,0.443489789962769
Brickellia spinulosa,160,2.74763488769531
Brickellia squarrosa,177,2.42968153953552
Brickellia stolonifera,9,0.281679391860962
Brickellia urolepis,74,0.820215463638306
Brickellia venosa,272,1.83864164352417
Brickellia vernicosa,91,1.59436297416687
Brickellia vollmeri,6,0.219950437545776
Brickelliastrum fendleri,423,8.4061439037323
Brintonia discoidea,636,6.40802240371704
Fouquieria purpusii,108,0.880289554595947
Frankenia palmeri,1018,4.49113726615906
Centaurium capense,78,1.22077512741089
Cicendia quadrangularis,1872,18.3376662731171
Brodiaea appendiculata,221,1.34300231933594
Coutoubea spicata,2308,10.9994287490845
Brodiaea elegans,5096,33.7705507278442
Eustoma exaltatum,5226,32.2745912075043
Eustoma russellianum,1903,21.8045618534088
Brodiaea insignis,73,1.5274543762207
Brodiaea jolonensis,368,1.95673680305481
Brodiaea kinkiensis,152,0.862245798110962
Frasera albomarginata,968,7.38955116271973
Frasera caroliniensis,2653,13.1572060585022
Frasera paniculata,238,2.94699215888977
Frasera parryi,918,6.80060887336731
Frasera speciosa,7159,42.0044162273407
Gentiana affinis,4553,36.0961561203003
Gentiana alba,1799,11.1769576072693
Brodiaea orcuttii,646,4.59925746917725
Brodiaea pallida,52,0.478397369384766
Gentiana calycosa,3602,24.6355502605438
Gentiana catesbaei,609,5.14977192878723
Gentiana douglasiana,1189,7.7891960144043
Brodiaea terrestris,2820,25.3034508228302
Gentiana hooperi,58,0.864221572875977
Gentiana nivalis,29873,962.727485656738
Gentiana platypetala,551,5.28797626495361
Bromelia palmeri,190,1.49909496307373
Gentiana rubricaulis,596,4.81538653373718
Gentiana sceptrum,1245,8.94918727874756
Gentiana setigera,279,2.06864190101624
Gentianella aurea,3930,20.9480121135712
Gyrandra chironioides,116,1.80086612701416
Halenia alata,49,1.3508734703064
Halenia decumbens,270,5.11901307106018
Halenia deflexa,2616,17.6128361225128
Halenia plantaginea,602,6.73874378204346
Halenia rothrockii,28,0.703329801559448
Bromus anomalus,2438,13.3230109214783
Bromus arizonicus,972,7.82949829101563
Bromus attenuatus,41,0.878554344177246
Lisianthius nigrescens,438,4.59699511528015
Lisianthius saponarioides,209,2.12893533706665
Bromus ciliatus,7867,47.5649430751801
Bromus densus,39,1.62475800514221
Bromus dolichocarpus,244,2.14535546302795
Bromus exaltatus,264,2.42954635620117
Bromus frondosus,309,3.67243528366089
Bromus grandis,492,4.99132537841797
Sabatia angularis,8031,39.1726775169373
Sabatia brachiata,1029,6.24979376792908
Sabatia brevifolia,2134,12.1491141319275
Sabatia campestris,7543,37.0692992210388
Sabatia capitata,400,3.98417401313782
Sabatia decandra,1041,12.2473270893097
Sabatia formosa,74,0.922952175140381
Sabatia gentianoides,1017,5.19377326965332
Sabatia stellaris,4079,26.833550453186
Schultesia brachyptera,1107,6.62947392463684
Bromus kalmii,2799,15.7665657997131
Bromus laevipes,1024,5.60647082328796
Bromus lanatipes,551,3.92597556114197
Bromus latiglumis,2053,13.3200008869171
Bromus marginatus,4671,30.8484559059143
Bromus maritimus,345,4.05622053146362
Swertia perennis,26909,910.727182865143
Bromus nottowayanus,633,8.80596852302551
Bromus orcuttianus,1189,11.1774408817291
Bromus porteri,1532,12.2171692848206
Bromus pseudolaevipes,259,2.60186910629272
Bromus pumpellianus,5169,78.0510053634644
Voyria tenella,1172,18.7566368579865
Xestaea lisianthoides,600,4.72155952453613
Bromus suksdorfii,587,3.7487268447876
Bromus texensis,242,2.37596583366394
Biophytum dendroides,906,23.5395584106445
Bromus vulgaris,2075,101.112067937851
Brongniartia abbottiae,5,0.93650484085083
Brongniartia alamosana,165,5.61919236183167
Brongniartia argentea,21,1.04601097106934
Brongniartia cuneata,34,0.956280708312988
Brongniartia diffusa,24,0.504305601119995
Brongniartia discolor,66,1.10558652877808
Brongniartia funiculata,35,0.536831617355347
Brongniartia goldmanii,62,1.60025501251221
Brongniartia hirsuta,13,0.28954815864563
Brongniartia inconstans,142,2.22248911857605
Erodium cicutarium,100010,5740.7286837101
Brongniartia luisana,11,0.860500335693359
Brongniartia lunata,10,0.363936185836792
Brongniartia lupinoides,563,12.3750600814819
Brongniartia mollicula,44,1.66238760948181
Brongniartia nudiflora,84,1.70974826812744
Brongniartia parvifolia,23,0.903774976730347
Brongniartia peninsularis,68,1.41715216636658
Brongniartia pringlei,12,0.406815767288208
Brongniartia suberea,24,0.413571119308472
Brongniartia tenuifolia,17,0.386427164077759
Brongniartia trifoliata,37,0.516369581222534
Erodium texanum,6277,37.0730671882629
Floerkea proserpinacoides,5266,31.2025842666626
Brosimum alicastrum,14051,328.334795236588
Brosimum lactescens,3089,19.5815861225128
Abutilon xanti,175,2.2092592716217
Geranium gracile,157,1.76477456092834
Geranium hernandesii,378,4.28657603263855
Geranium mexicanum,304,4.07742857933044
Geranium potentillifolium,1017,6.21002721786499
Geranium schiedeanum,511,4.12052893638611
Geranium seemannii,4429,38.3850879669189
Impatiens aurella,209,2.13645339012146
Oxalis decaphylla,1067,12.0606589317322
Oxalis discolor,10,1.43600177764893
Oxalis divergens,321,3.4498176574707
Oxalis drummondii,2229,15.2222361564636
Brunellia mexicana,540,3.40172410011292
Oxalis florida,1656,14.3877534866333
Oxalis jacquiniana,294,5.94880342483521
Oxalis lasiandra,85,3.12807011604309
Oxalis lunulata,150,2.82241296768189
Oxalis microcarpa,230,1.58497548103333
Oxalis nudiflora,30,0.739110231399536
Oxalis trilliifolia,461,4.08361482620239
Brunnichia ovata,3395,25.8990707397461
Buchnera floridana,3912,21.2582592964172
Buchnera retrorsa,16,0.563130378723145
Buddleja chapalana,29,0.426795959472656
Achimenes candida,185,3.43155479431152
Achimenes grandiflora,1396,18.9523165225983
Achimenes heterophylla,187,7.15336465835571
Achimenes longiflora,1432,29.4226474761963
Achimenes mexicana,110,8.2173764705658
Achimenes misera,395,3.88866353034973
Achimenes patens,276,8.21704244613648
Achimenes pedunculata,452,6.50726294517517
Achimenes skinneri,102,7.55565810203552
Buddleja megalocephala,94,2.42121577262878
Alsobia dianthiflora,72,2.51357817649841
Alsobia punctata,87,7.05098605155945
Besleria cyrtanthemum,85,2.68900465965271
Besleria deflexa,17,1.74119639396667
Besleria flava,11,0.670714139938355
Besleria glabra,71,1.166827917099
Besleria hirsuta,130,1.34435820579529
Besleria laxiflora,1343,7.33339214324951
Chrysothemis pulchella,1354,10.553070306778
Columnea erythrophaea,133,1.09314918518066
Columnea hirta,370,2.98473405838013
Columnea microcalyx,586,3.00649356842041
Columnea nervosa,278,4.38733839988709
Columnea purpurata,1139,7.03272604942322
Bulbostylis arcuata,76,1.34977626800537
Bulbophyllum cirrhosum,28,0.426892757415772
Bulbophyllum jamaicense,7,0.221877098083496
Bulbophyllum nagelii,33,1.05643010139465
Bulbophyllum sordidum,37,1.37213158607483
Diastema racemiferum,878,9.53059220314026
Bulbostylis funckii,196,4.69242191314697
Bulbostylis junciformis,4446,28.1934149265289
Bulbostylis nesiotica,69,1.80075526237488
Drymonia serrulata,3339,26.2523930072784
Bulbostylis pubescens,208,3.65079402923584
Episcia lilacina,791,6.0332498550415
Bulbostylis schaffneri,74,1.8433096408844
Bulbostylis stenophylla,961,6.52925729751587
Bulbostylis tenuifolia,573,10.8143970966339
Bulbostylis trilobata,18,0.576245069503784
Bulbostylis warei,1120,7.59641718864441
Kohleria spicata,3502,45.1637887954712
Moussonia elegans,785,6.34864282608032
Moussonia papillosa,22,1.39068841934204
Niphaea oblonga,61,2.18537139892578
Rhynchoglossum azureum,512,7.31782388687134
Solenophora chiapasensis,43,0.713687896728516
Solenophora coccinea,18,0.827297687530518
Solenophora insignis,146,4.90060257911682
Solenophora obscura,91,1.6467981338501
Bunchosia guatemalensis,212,1.77010083198547
Trichodrymonia congesta,20,1.64469480514526
Bunchosia macrophylla,435,4.67456459999085
Bunchosia matudae,82,1.63483262062073
Bunchosia mcvaughii,68,0.726467609405518
Bunchosia palmeri,758,5.21095871925354
Ephedra antisyphilitica,1399,31.5456948280335
Ephedra aspera,2764,28.3374741077423
Ephedra californica,3076,17.8798925876617
Ephedra fasciculata,419,4.26016497612
Ephedra nevadensis,4442,27.3439526557922
Bunchosia sonorensis,69,0.9195396900177
Ephedra trifurca,2966,15.5359663963318
Bupleurum americanum,1487,11.0236811637878
Scaevola plumieri,3449,22.189605474472
Agrostis anadyrensis,155,1.48358058929443
Bursera arida,254,2.44544816017151
Bursera ariensis,816,8.02345561981201
Bursera aspleniifolia,156,1.06167197227478
Bursera attenuata,139,3.91415500640869
Bursera biflora,604,4.65864849090576
Bursera bolivarii,286,1.45301580429077
Bursera bonetii,201,1.19885969161987
Agrostis clavata,9297,62.5194721221924
Bursera chemapodicta,84,1.73634099960327
Bursera citronella,172,0.845392465591431
Bursera collina,7,1.22712278366089
Bursera confusa,248,2.04805183410645
Bursera copallifera,1410,15.0614647865295
Bursera coyucensis,258,1.73170828819275
Bursera crenata,303,1.55768370628357
Agrostis exarata,9654,61.2160196304321
Bursera denticulata,134,1.70844435691834
Bursera discolor,304,2.2467668056488
Bursera diversifolia,234,6.1332483291626
Bursera epinnata,654,8.73821687698364
Agrostis ghiesbreghtii,134,1.19375038146973
Agrostis hyemalis,9315,95.4758312702179
Bursera filicifolia,180,4.95702886581421
Bursera fragilis,77,5.19868588447571
Bursera fragrantissima,165,1.84453821182251
Bursera glabrifolia,1218,8.34208250045776
Agrostis mertensii,22086,665.362179279327
Agrostis microphylla,10369,78.5759897232056
Bursera heteresthes,784,8.80945801734924
Bursera hintonii,265,2.95049715042114
Bursera infernidialis,112,1.3407826423645
Bursera instabilis,284,1.59023475646973
Bursera krusei,175,1.40157771110535
Bursera laxiflora,600,6.6250946521759
Agrostis scabra,14708,361.290430307388
Bursera longipes,508,5.08558917045593
Agrostis subrepens,62,0.747626304626465
Agrostis tolucensis,2404,17.1317300796509
Bursera occulta,52,0.831387758255005
Bursera palmeri,703,5.7455644607544
Agrostis vinealis,51785,2130.38448190689
Bursera paradoxa,141,1.59573864936829
Bursera sarukhanii,214,1.01158928871155
Bursera staphyleoides,39,0.308419466018677
Bursera stenophylla,95,1.53140187263489
Bursera subtrifoliata,9,0.967823505401611
Bursera tecomaca,630,5.12435269355774
Bursera trifoliolata,144,1.70780324935913
Bursera trimera,314,2.85568904876709
Bursera vejar-vazquezii,201,1.90159273147583
Bursera velutina,208,2.19104552268982
Bursera xochipalensis,315,2.17592215538025
Alopecurus aequalis,66019,2895.60160326958
Alopecurus carolinianus,3214,22.5706441402435
Alopecurus geniculatus,107374,4486.76994323731
Alopecurus magellanicus,6195,57.9167695045471
Alopecurus saccatus,1106,5.90505385398865
Buxus bartlettii,133,0.899675369262695
Andropogon angustatus,831,5.86012172698975
Andropogon arctatus,289,3.53128242492676
Buxus lancifolia,12,0.415658712387085
Andropogon bourgaei,44,1.79536294937134
Buxus mexicana,38,1.04643583297729
Buxus pubescens,27,0.344669103622437
Andropogon cirratus,910,8.93454885482788
Andropogon salzmannii,634,5.03522562980652
Andropogon tener,3499,31.7962820529938
Andropogon virginicus,16989,494.280066490173
Anthenantia lanata,2402,27.3955898284912
Anthenantia rufa,1134,8.66654205322266
Actaea elata,695,5.13725447654724
Arctagrostis latifolia,6872,45.3310873508453
Byrsonima roigii,757,4.85733437538147
Aristida basiramea,968,5.22435116767883
Aristida californica,651,7.03099703788757
Aristida capillacea,1586,7.44631671905518
Aristida condensata,549,4.03657126426697
Aristida desmantha,541,3.51067161560059
Aristida floridana,111,1.47354984283447
Aristida gibbosa,725,5.74275326728821
Aristida gyrans,297,2.30957913398743
Aristida jorullensis,677,8.61724925041199
Aristida laxa,6036,36.2710933685303
Aristida longespica,3623,25.9110996723175
Aristida palustris,544,3.23038125038147
Aristida purpurascens,5261,27.056898355484
Aristida recurvata,1052,6.97803044319153
Aristida schiedeana,2166,15.3334276676178
Aristida simpliciflora,176,1.07392597198486
Aristida ternipes,3682,24.4823009967804
Cabomba palaeformis,514,3.09264135360718
Arundinaria tecta,2368,15.9022192955017
Arundinella deppeana,314,4.43796634674072
Arundinella leptochloa,1328,6.28090310096741
Poa acinaciphylla,54,2.83256268501282
Poa alsodes,2435,14.9004812240601
Juncus acuminatus,9755,61.0786135196686
Poa arctica,15432,280.652638673782
Poa bolanderi,1148,6.95371031761169
Poa calycina,390,9.71262907981873
Poa douglasii,854,5.45533156394959
Calceolaria tripartita,3397,31.5341892242432
Poa howellii,1115,6.27491617202759
Calceolaria virgata,900,8.29010272026062
Poa laxa,7830,39.5261917114258
Poa laxiflora,330,3.72770714759827
Poa leptocoma,1542,12.1391906738281
Poa macrocalyx,1345,15.0040712356567
Poa pseudoabbreviata,531,3.70756649971008
Poa ruprechtii,60,1.20504856109619
Poa stenantha,1088,9.45729684829712
Poa sublanata,284,3.08714127540588
Poa sylvestris,2631,15.9848086833954
Poa unilateralis,469,4.43030428886414
Poa wheeleri,5639,35.8876574039459
Polypogon australis,737,6.49513649940491
Polypogon elongatus,2842,21.5616900920868
Polypogon interruptus,2860,19.6438648700714
Calea longipedicellata,197,1.64011025428772
Rhytachne subgibbosa,242,2.22394204139709
Rottboellia campestris,1316,7.91929602622986
Adelia obovata,52,0.979998826980591
Calliandra biflora,102,0.741357088088989
Calliandra bijuga,251,2.23698568344116
Schizachyrium condensatum,3925,28.9155869483948
Schizachyrium sanguineum,13696,107.880056858063
Juncus acutus,26565,927.410858392716
Schizachyrium scoparium,22349,862.633804559708
Calliandra caeciliae,247,2.91946911811829
Calliandra californica,1000,8.13116979598999
Sclerochloa dura,5704,33.6306722164154
Scleropogon brevifolius,1731,11.5978972911835
Scolochloa festucacea,5763,38.1323299407959
Setaria adhaerens,2730,22.036217212677
Setaria arizonica,54,1.29347491264343
Calliandra eriophylla,4954,30.9884009361267
Adelia vaseyi,288,2.79219937324524
Setaria latifolia,78,1.57440233230591
Setaria longipila,108,1.19702458381653
Setaria palmifolia,9087,63.2584843635559
Setaria sulcata,1697,9.08193063735962
Setaria texana,233,1.53751111030579
Calliandra juzepczukii,177,1.27883720397949
Calliandra laevis,87,0.942850828170776
Sorghastrum brunneum,217,1.02502346038818
Sorghastrum nudipes,366,5.25449109077454
Calliandra palmeri,57,0.851980447769165
Calliandra peninsularis,147,3.20310759544373
Sporobolus atrovirens,607,4.66310882568359
Sporobolus cryptandrus,9683,59.9015183448792
Sporobolus cubensis,728,4.66900563240051
Sporobolus domingensis,721,5.25138139724731
Sporobolus erectus,79,0.862927198410034
Sporobolus macrospermus,321,2.14893770217896
Calliandra rubescens,447,6.42174458503723
Sporobolus nealleyi,244,1.72463631629944
Sporobolus palmeri,68,0.592392683029175
Sporobolus purpurascens,844,6.75515389442444
Sporobolus pyramidalis,11231,123.091400146484
Sporobolus silveanus,99,1.49713802337646
Sporobolus spiciformis,118,0.646838665008545
Poa acinaciphylla,54,1.98345732688904
Poa alsodes,2435,12.5035951137543
Juncus acuminatus,9756,59.6829495429993
Poa arctica,15432,271.454846858978
Poa bolanderi,1148,7.33017444610596
Poa calycina,390,8.61432790756226
Poa douglasii,854,4.81512689590454
Calceolaria tripartita,3398,29.2848782539368
Poa howellii,1115,7.58921146392822
Calceolaria virgata,900,8.90539836883545
Poa laxa,7830,74.5387778282166
Poa laxiflora,330,2.96745872497559
Poa leptocoma,1542,12.3608047962189
Poa macrocalyx,1345,14.6741538047791
Poa pseudoabbreviata,531,8.13543224334717
Poa ruprechtii,60,1.79655289649963
Poa stenantha,1088,9.07666063308716
Poa sublanata,284,3.28482818603516
Poa sylvestris,2632,14.8927733898163
Poa unilateralis,469,4.15095639228821
Poa wheeleri,5639,33.384690284729
Polypogon australis,737,6.00370359420776
Polypogon elongatus,2842,18.340895652771
Polypogon interruptus,2860,17.6930429935455
Calea longipedicellata,197,1.44205021858215
Rhytachne subgibbosa,242,2.63551115989685
Rottboellia campestris,1316,10.3510856628418
Adelia obovata,52,0.977691411972046
Calliandra biflora,102,1.14022636413574
Calliandra bijuga,251,1.92790937423706
Schizachyrium condensatum,3925,24.9178867340088
Schizachyrium sanguineum,13697,132.69290804863
Juncus acutus,26565,944.420250892639
Schizachyrium scoparium,22349,876.745136499405
Calliandra caeciliae,247,3.51812934875488
Calliandra californica,1000,7.51795816421509
Sclerochloa dura,5704,33.172593832016
Scleropogon brevifolius,1731,13.5943615436554
Scolochloa festucacea,5765,37.3045809268951
Setaria adhaerens,2730,26.389354467392
Setaria arizonica,54,1.28706312179565
Calliandra eriophylla,4954,32.9263694286346
Adelia vaseyi,288,2.22892594337463
Setaria latifolia,78,2.10074901580811
Setaria longipila,108,1.67264103889465
Setaria palmifolia,9087,59.223447561264
Setaria sulcata,1697,7.40991902351379
Setaria texana,233,1.5353741645813
Calliandra juzepczukii,177,1.64603328704834
Calliandra laevis,87,1.45525574684143
Sorghastrum brunneum,217,2.03092002868652
Sorghastrum nudipes,366,5.78821611404419
Calliandra palmeri,57,0.690989971160889
Calliandra peninsularis,147,3.06892132759094
Sporobolus atrovirens,607,4.42402362823486
Sporobolus cryptandrus,9683,60.7655832767487
Sporobolus cubensis,728,6.21260976791382
Sporobolus domingensis,721,6.35311365127564
Sporobolus erectus,79,0.971055269241333
Sporobolus macrospermus,321,2.51219606399536
Calliandra rubescens,447,7.11151576042175
Sporobolus nealleyi,244,1.71496319770813
Sporobolus palmeri,68,1.1449658870697
Sporobolus purpurascens,844,8.57207655906677
Sporobolus pyramidalis,11231,121.89875459671
Sporobolus silveanus,99,1.82796573638916
Sporobolus spiciformis,118,0.682027816772461
Sporobolus virginicus,16052,385.820003032684
Sporobolus viscidus,4,0.662008047103882
Steinchisma cupreum,99,1.54976272583008
Stenotaphrum secundatum,12969,210.69199848175
Callichlamys latifolia,2493,18.1573882102966
Streptochaeta spicata,814,4.8890163898468
Streptogyna americana,915,4.49876117706299
Callirhoe bushii,318,2.21685123443604
Callirhoe leiocarpa,1614,8.17770028114319
Callirhoe scabriuscula,37,0.675665855407715
Callisia cordifolia,322,4.92312479019165
Trachypogon spicatus,9875,92.7517004013062
Trachypogon vestitus,709,4.30661416053772
Callisia fragrans,1075,6.36743426322937
Callisia laui,4,0.4736647605896
Callisia micrantha,181,1.63027215003967
Callisia multiflora,418,4.57115864753723
Callisia navicularis,402,4.71083784103394
Callisia soconuscensis,54,1.5338077545166
Callisia tehuantepecana,21,0.518521547317505
Callisia warszewicziana,98,2.77288293838501
Triplasis americana,726,5.14738392829895
Callitriche fassettii,60,1.75028514862061
Tripsacum dactyloides,12305,185.072329044342
Tripsacum lanceolatum,928,6.07730650901794
Callitriche longipedunculata,114,2.21177840232849
Juncus articulatus,117142,5260.02448892593
Juncus biglumis,15012,300.511533737183
Juncus bolanderi,828,5.30754160881043
Juncus brachycarpus,2172,14.6552789211273
Juncus castaneus,11866,180.367731332779
Juncus chlorocephalus,556,3.67875814437866
Juncus cooperi,266,1.69510412216187
Juncus dichotomus,6687,53.6640596389771
Juncus drummondii,4002,27.6841588020325
Juncus dubius,1532,11.7687549591064
Juncus ebracteatus,726,6.33488178253174
Juncus elliottii,1266,8.46396565437317
Juncus ensifolius,7382,45.6268026828766
Callitriche palustris,103720,4485.23557376862
Callitriche trochlearis,86,4.9594452381134
Calocedrus decurrens,9713,71.2309353351593
Calochortus albus,8622,63.6579172611237
Calochortus ambiguus,870,12.6566829681396
Calochortus amoenus,718,6.04296183586121
Calochortus barbatus,3807,30.3104882240295
Calochortus bruneaunis,1445,8.37549591064453
Calochortus cernuus,45,1.23505139350891
Calochortus concolor,768,7.47416877746582
Calochortus dunnii,309,4.36777639389038
Calochortus excavatus,196,1.83603096008301
Calochortus foliosus,8,0.344985246658325
Calochortus gunnisonii,4614,43.052220582962
Calochortus howellii,237,1.72161531448364
Calochortus invenustus,1462,9.54006052017212
Calochortus kennedyi,2801,24.1137719154358
Calochortus macrocarpus,4393,32.3550155162811
Calochortus marcellae,94,1.36696600914001
Urochloa reptans,4130,39.5806434154511
Calochortus monanthus,6,0.563789129257202
Vahlodea atropurpurea,10197,67.1523435115814
Calochortus nigrescens,44,1.24275016784668
Calochortus obispoensis,542,3.32492756843567
Calochortus palmeri,741,9.96897053718567
Calochortus panamintensis,70,1.78612780570984
Calochortus persistens,124,0.817602396011353
Calochortus plummerae,1927,11.2891428470612
Calochortus pringlei,117,1.12913036346436
Calochortus simulans,294,1.77354431152344
Calochortus striatus,519,3.38376450538635
Calochortus subalpinus,1108,6.08962345123291
Calochortus superbus,1258,11.2065954208374
Calochortus tiburonensis,876,6.29312896728516
Calochortus venustulus,342,3.40876293182373
Calochortus vestae,391,4.23835611343384
Calochortus weedii,3482,32.8148667812347
Calochortus westonii,139,2.80822372436523
Zeugites latifolius,54,0.971607208251953
Zeugites munroanus,139,1.36463713645935
Calophyllum brasiliense,8282,53.1636695861817
Clusia flava,32,2.51398277282715
Clusia guatemalensis,641,5.54040169715881
Clusia ovigera,54,0.639706134796143
Calopogon barbatus,1372,12.0248801708221
Calopogon tuberosus,11152,175.52645611763
Calopogonium lanceolatum,49,1.51104044914246
Garcinia macrophylla,1873,12.487277507782
Caltha leptosepala,6803,41.3858065605164
Juncus filiformis,100014,4573.29582071304
Juncus filipendulus,552,8.23526358604431
Campyloneurum serpentinum,308,3.07252907752991
Juncus hallii,208,2.09757709503174
Juncus imbricatus,1102,9.95903611183167
Campyloneurum tenuipes,427,4.06290817260742
Juncus kelloggii,293,2.85111045837402
Juncus lesueurii,591,4.4480402469635
Canavalia acuminata,206,1.8242826461792
Juncus longistylis,2760,15.7735958099365
Juncus marginatus,10654,88.8640990257263
Juncus megacephalus,1675,9.77635598182678
Juncus mertensianus,4262,25.9652006626129
Juncus microcephalus,4136,26.4045023918152
Juncus militaris,1398,10.9684500694275
Juncus nevadensis,3420,26.3435437679291
Juncus nodosus,6073,33.7564356327057
Juncus oxymeris,1091,6.7867739200592
Canavalia dura,92,0.741416692733765
Juncus parryi,2791,16.5123488903046
Juncus patens,1820,10.4311616420746
Juncus pelocarpus,4159,26.5378568172455
Canavalia glabra,231,3.89942598342896
Juncus repens,2546,16.0146217346191
Canavalia hirsutissima,373,2.33462691307068
Juncus roemerianus,1259,7.0155565738678
Juncus saximontanus,3757,32.7668778896332
Juncus scirpoides,4864,29.1645798683167
Juncus secundus,1464,9.56272554397583
Juncus sphaerocarpus,1841,12.605978012085
Canavalia matudae,12,0.498711347579956
Juncus subtilis,533,4.06196260452271
Juncus supiniformis,629,5.77618765830994
Canavalia oxyphylla,338,2.22041296958923
Canavalia palmeri,169,1.40202832221985
Juncus triformis,394,3.0913143157959
Juncus trigonocarpus,722,3.91888523101807
Juncus xiphioides,2756,15.595860004425
Luzula arcuata,9269,59.5936298370361
Canavalia septentrionalis,276,2.11478400230408
Luzula caricina,274,2.80634093284607
Luzula confusa,12237,162.997832775116
Canbya aurea,187,1.73551487922668
Luzula denticulata,382,3.08320569992065
Luzula racemosa,1812,10.8695688247681
Avenella flexuosa,252309,12530.3043088913
Axonopus compressus,10461,76.8030452728272
Blepharidachne bigelovii,130,2.88924694061279
Blepharidachne kingii,440,2.85409045219421
Bouteloua alamosana,179,1.25550389289856
Bouteloua annua,59,0.887770175933838
Bouteloua disticha,740,7.62072229385376
Bouteloua scorpioides,586,4.43739485740662
Bouteloua uniflora,698,6.17067313194275
Brachypodium mexicanum,1458,12.1675145626068
